{
  "Version": 1,
  "WorkspaceRootPath": "C:\\Users\\adnan\\OneDrive\\\u0633\u0637\u062D \u0627\u0644\u0645\u0643\u062A\u0628\\proje\\",
  "Documents": [
    {
      "AbsoluteMoniker": "D:0:0:{A2FE74E1-B743-11D0-AE1A-00A0C90FFFC3}|\u003CMiscFiles\u003E|C:\\Users\\adnan\\OneDrive\\\u0633\u0637\u062D \u0627\u0644\u0645\u0643\u062A\u0628\\proje\\Script1.js||{3B902123-F8A7-4915-9F01-361F908088D0}",
      "RelativeMoniker": "D:0:0:{A2FE74E1-B743-11D0-AE1A-00A0C90FFFC3}|\u003CMiscFiles\u003E|solutionrelative:Script1.js||{3B902123-F8A7-4915-9F01-361F908088D0}"
    }
  ],
  "DocumentGroupContainers": [
    {
      "Orientation": 0,
      "VerticalTabListWidth": 256,
      "DocumentGroups": [
        {
          "DockedWidth": 200,
          "SelectedChildIndex": 0,
          "Children": [
            {
              "$type": "Document",
              "DocumentIndex": 0,
              "Title": "Script1.js",
              "DocumentMoniker": "C:\\Users\\adnan\\OneDrive\\\u0633\u0637\u062D \u0627\u0644\u0645\u0643\u062A\u0628\\proje\\Script1.js",
              "RelativeDocumentMoniker": "Script1.js",
              "ToolTip": "C:\\Users\\adnan\\OneDrive\\\u0633\u0637\u062D \u0627\u0644\u0645\u0643\u062A\u0628\\proje\\Script1.js",
              "RelativeToolTip": "Script1.js",
              "ViewState": "AgIAAAAAAAAAAAAAAAAAAAEAAAAAAAAAAAAAAA==",
              "Icon": "ae27a6b0-e345-4288-96df-5eaf394ee369.001646|",
              "WhenOpened": "2025-06-12T16:24:25.127Z",
              "EditorCaption": ""
            }
          ]
        }
      ]
    }
  ]
}